"event_group","scale_run_val"
"Walk",0.743308876580937
"Single",1.15938742921411
"Outs",0
"Other",0.352241338454574
"Home Run",1.2748002610135
"HBP",1.00207298828622
"Double",1.25964874586198
